time,total_pkt,avg_pkt_size,avg_size_ip,total_src_ip,entropy_src_ip,total_dst_ip,entropy_dst_ip,total_src_prt,entropy_src_prt,total_dst_prt,entropy_dst_prt,entropy_tcp_flag,avg_window_size
10,8517,435.042475154,10596.481268,360,0.745681967608,352,0.738782163142,432,0.673499122413,323,0.724064516294,0.56610066322,17381.533568
20,3538,390.717459413,5964.38695652,239,0.749552242147,242,0.757420060873,226,0.740691370952,214,0.752866411123,0.465148689093,17126.1639294
